symbol,trading_date,halt_timestamp,resume_quote_timestamp,resume_trade_timestamp,halt_code,market,source
GME,2024-05-13,2024-05-13 09:35:46-04:00,2024-05-13 09:40:46-04:00,2024-05-13 09:40:46-04:00,M,NYSE,https://www.nasdaqtrader.com/rss.aspx?feed=tradehalts&haltdate=05132024
GME,2024-05-13,2024-05-13 09:42:24-04:00,2024-05-13 09:47:32-04:00,2024-05-13 09:47:32-04:00,M,NYSE,https://www.nasdaqtrader.com/rss.aspx?feed=tradehalts&haltdate=05132024
GME,2024-05-13,2024-05-13 09:49:20-04:00,2024-05-13 09:54:20-04:00,2024-05-13 09:54:20-04:00,M,NYSE,https://www.nasdaqtrader.com/rss.aspx?feed=tradehalts&haltdate=05132024
GME,2024-05-13,2024-05-13 09:54:43-04:00,2024-05-13 09:59:43-04:00,2024-05-13 09:59:43-04:00,M,NYSE,https://www.nasdaqtrader.com/rss.aspx?feed=tradehalts&haltdate=05132024
GME,2024-05-13,2024-05-13 10:00:09-04:00,2024-05-13 10:05:09-04:00,2024-05-13 10:05:09-04:00,M,NYSE,https://www.nasdaqtrader.com/rss.aspx?feed=tradehalts&haltdate=05132024
GME,2024-05-13,2024-05-13 10:05:33-04:00,2024-05-13 10:10:38-04:00,2024-05-13 10:10:38-04:00,M,NYSE,https://www.nasdaqtrader.com/rss.aspx?feed=tradehalts&haltdate=05132024
GME,2024-05-13,2024-05-13 10:12:46-04:00,2024-05-13 10:17:46-04:00,2024-05-13 10:17:46-04:00,M,NYSE,https://www.nasdaqtrader.com/rss.aspx?feed=tradehalts&haltdate=05132024
GME,2024-05-13,2024-05-13 10:20:06-04:00,2024-05-13 10:25:06-04:00,2024-05-13 10:25:06-04:00,M,NYSE,https://www.nasdaqtrader.com/rss.aspx?feed=tradehalts&haltdate=05132024
GME,2024-05-13,2024-05-13 10:39:59-04:00,2024-05-13 10:44:59-04:00,2024-05-13 10:44:59-04:00,M,NYSE,https://www.nasdaqtrader.com/rss.aspx?feed=tradehalts&haltdate=05132024
